{
  "pageHeight": 1148.984375,
  "gridTop": 1192.921875,
  "gridBottom": 1558.671875,
  "billTop": 1192.921875,
  "billBottom": 1558.671875,
  "shipTop": 1192.921875,
  "shipBottom": 1558.671875,
  "billText": "Bill ToBoundary Test CustomerMorgan ExampleMorgan ExamplePO Box 171073Building 4, Suite 1800Mail Stop 22AIndustrial Campus NorthBill extra line 1Bill extra line 2Kansas City, Kansas 66117United States"
}