{
  "pageHeight": 1174.984375,
  "gridTop": 1218.921875,
  "gridBottom": 1532.671875,
  "billTop": 1218.921875,
  "billBottom": 1532.671875,
  "shipTop": 1218.921875,
  "shipBottom": 1532.671875,
  "billText": "Bill ToBoundary Test CustomerMorgan ExampleMorgan ExamplePO Box 171073Building 4, Suite 1800Mail Stop 22AIndustrial Campus NorthKansas City, Kansas 66117United States"
}