{
  "pageHeight": 1200.984375,
  "gridTop": 1244.921875,
  "gridBottom": 1558.671875,
  "billTop": 1244.921875,
  "billBottom": 1558.671875,
  "shipTop": 1244.921875,
  "shipBottom": 1558.671875,
  "billText": "Bill ToBoundary Test CustomerMorgan ExampleMorgan ExamplePO Box 171073Building 4, Suite 1800Mail Stop 22AIndustrial Campus NorthKansas City, Kansas 66117United States"
}