{
  "pageHeight": 1044.984375,
  "gridTop": 1088.921875,
  "gridBottom": 1428.671875,
  "billTop": 1088.921875,
  "billBottom": 1428.671875,
  "shipTop": 1088.921875,
  "shipBottom": 1428.671875,
  "billText": "Bill ToBoundary Test CustomerMorgan ExampleMorgan ExamplePO Box 171073Building 4, Suite 1800Mail Stop 22AIndustrial Campus NorthBill extra line 1Kansas City, Kansas 66117United States"
}