{
  "pageHeight": 1070.984375,
  "gridTop": 1114.921875,
  "gridBottom": 1454.671875,
  "billTop": 1114.921875,
  "billBottom": 1454.671875,
  "shipTop": 1114.921875,
  "shipBottom": 1454.671875,
  "billText": "Bill ToBoundary Test CustomerMorgan ExampleMorgan ExamplePO Box 171073Building 4, Suite 1800Mail Stop 22AIndustrial Campus NorthBill extra line 1Kansas City, Kansas 66117United States"
}